{
  "timestamp": "2025-11-28T15:59:18.198832",
  "models": {
    "logistics": {
      "rmse": 1.1408961725241458,
      "mae": 0.6062438754624427,
      "r2": 0.9929947603073127,
      "mape": 8.994184718076607
    },
    "factory": {
      "rmse": 260.18325764225216,
      "mae": 167.39164095570513,
      "r2": 0.9920513946687126,
      "mape": 4.094338997548465
    },
    "warehouse": {
      "rmse": 13.699874001163668,
      "mae": 9.427008675003052,
      "r2": 0.9941405432692406,
      "mape": 3.8125486663218124
    },
    "delivery": {
      "rmse": 0.44809657833705563,
      "mae": 0.3039619252421868,
      "r2": 0.9831277784423855,
      "mape": 4.656498427993285
    }
  }
}